n_states,train_ll,test_ll,bic
4,-167.6976839702825,-473.8752864567652,507.07998518591
3,-203.47966157669646,-464.862443935606,519.7806430574768
2,-270.6235169208471,-471.560499255415,605.0156059613938
