n_states,train_ll,test_ll,bic
4,-167.6976839702825,-472.48246726018857,507.07998518591
3,-203.47966157669646,-463.4440789858924,519.7806430574768
2,-270.6235169208471,-470.08691729162655,605.0156059613938
