regime,V_star,best_action_idx,stock_weight,bond_weight
0,0.10539905596480338,5,1.0,0.0
1,0.10030551364963279,5,1.0,0.0
