regime,V_star,best_action_idx,stock_weight,bond_weight
0,0.1830538613936628,5,1.0,0.0
1,0.03175121455809522,0,0.0,1.0
