K,regime,n_months,mean_spy,std_spy,mean_agg,std_agg,mean_vix,best_action_idx,best_action_stock,best_action_bond,V_star
2,1,271,0.008808909876661788,0.042397422055068024,0.002523531525942342,0.012776222351031315,19.03911439114391,5,1.0,0.0,0.10030551364963279
3,0,271,0.008808909876661788,0.042397422055068024,0.002523531525942342,0.012776222351031315,19.03911439114391,5,1.0,0.0,0.06933936404496109
4,1,1,0.0521436713939458,,-0.0093906450079212,,16.1,5,1.0,0.0,0.07529885122008195
4,2,270,0.008648410759931106,0.042393593909188225,0.002567658105697392,0.01277924202737785,19.05,5,1.0,0.0,0.05080299727197649
