cohort,n_features,features,log_likelihood,bic,vi_iters,policy_bull_action,policy_bear_action,regime_policy_differs,V_bull,V_bear,mean_spy_bull,mean_spy_bear,mean_agg_bull,mean_agg_bear,n_months_bull,n_months_bear
1_baseline,2,vix|term_spread,-605.6231649463584,1284.1217567545648,124,"[1.0, 0.0]","[1.0, 0.0]",False,0.1702012222317235,0.0607259328035938,1.2743707211928146,0.5661787183088481,0.33178681856564846,0.1803223476287385,124,148
2_vol_curve,3,vix|term_spread|term_spread_2y,-646.1078996354443,1409.9376426631045,118,"[1.0, 0.0]","[1.0, 0.0]",False,0.12406256143631898,0.09943122471535931,0.9657538765043222,0.8328326365580986,0.1785506467642292,0.3012480800847601,115,157
3_stress,4,vix|term_spread|nfci|stlfsi,-706.8608657283289,1587.5015955118338,129,"[1.0, 0.0]","[0.0, 1.0]",True,0.16120106356806385,0.05354592853628825,1.202650422598801,-0.6930050264957623,0.17102966520272125,0.6445675322261327,227,45
4_macro,5,vix|term_spread|nfci|umcsent|jobless_claims,-945.2529241182037,2131.2379924733377,125,"[1.0, 0.0]","[0.0, 1.0]",True,0.1390219406066322,0.04533045749905942,1.0285727119986146,0.21219816036229716,0.19162319315280263,0.46630242353812673,210,60
5_kitchen_sink,8,vix|term_spread|term_spread_2y|nfci|stlfsi|umcsent|jobless_claims|usd_index,-946.8818688537053,2393.6323290514006,124,"[1.0, 0.0]","[0.6, 0.4]",True,0.1295460451792142,0.06335491351424911,0.8341547907096694,0.8336200818918673,0.17904102940658118,0.3558686427838518,139,104
